{"guid":{"value":"df4cbcf14d2e5aab-882529d9d38968ad"},"aspectRatio":1,"rotation":{"x":0,"y":0,"z":0},"center":{"x":0,"y":-5,"z":0},"unclampedSize":{"x":2000,"y":2000},"nodeSize":10,"collision":{"type":"Sphere","diameter":2,"height":2,"collisionOffset":0,"rayDirection":"Both","mask":{"value":256},"heightMask":{"value":-257},"fromHeight":1000,"thickRaycast":true,"thickRaycastDiameter":1,"up":{"x":0,"y":1,"z":0},"collisionCheck":true,"heightCheck":true,"unwalkableWhenNoGround":true,"use2D":false},"maxClimb":3,"maxClimbAxis":1,"maxSlope":90,"erodeIterations":0,"erosionUseTags":false,"erosionFirstTag":1,"autoLinkGrids":false,"autoLinkDistLimit":10,"neighbours":"Eight","cutCorners":false,"penaltyPositionOffset":0,"penaltyPosition":false,"penaltyPositionFactor":1,"penaltyAngle":false,"penaltyAngleFactor":100,"initialPenalty":0,"open":true,"name":"Grid Graph","drawGizmos":true,"infoScreenOpen":false,"matrix":{"values":[10,0,0,0,0,1,0,0,0,0,10,0,-1000,-5,-1000,1]}}